Workbook

Sheet Guide
A1: 도미노피자 재고·발주 자동화 패키지
A3: 패키지 사용 안내
A5: 실습 목표 | B5: 재고를 확인하고, 재고 부족 품목을 찾고, 담당자에게 알림을 보여준 뒤 발주서와 이메일 초안을 만드는 MVP를 구현합니다.
A6: 재고 부족 기준 | B6: 현재재고 < 안전재고
A7: 발주 권장 수량 | B7: 현재재고가 안전재고보다 적으면 MAX(MOQ, 안전재고-현재재고)
A10: 재료 10개
A11: 1 | B11: 도우볼 | D11: 주의
A12: 2 | B12: 토마토소스
A13: 3 | B13: 모짜렐라치즈
A14: 4 | B14: 페퍼로니
A15: 5 | B15: 베이컨
A16: 6 | B16: 양파
A17: 7 | B17: 피망
A18: 8 | B18: 양송이버섯
A19: 9 | B19: 블랙올리브
A20: 10 | B20: 스위트콘

Sheet Suppliers
A1: 거래처명 | B1: 담당자 | C1: 이메일 | D1: 리드타임(일) | E1: 품목군
A2: 도미노푸드서플라이 | B2: 박지훈 | C2: jysong@chonf.co.kr | D2: 2 | E2: 도우/소스/치즈
A3: 프레시미트코리아 | B3: 김현우 | C3: jysong@chonf.co.kr | D3: 3 | E3: 페퍼로니/베이컨
A4: 그린베지유통 | B4: 이수진 | C4: jysong@chonf.co.kr | D4: 1 | E4: 양파/피망/버섯
A5: 토핑솔루션 | B5: 정민아 | C5: jysong@chonf.co.kr | D5: 2 | E5: 올리브/콘

Sheet Inventory
A1: 품목코드 | B1: 재료명 | C1: 규격 | D1: 단위 | E1: 현재재고 | F1: 안전재고 | G1: MOQ | H1: 거래처 | I1: 알림담당자 | J1: 거래처이메일 | K1: 리드타임(일) | L1: 부족수량 | M1: 발주권장수량 | N1: 상태 | O1: 담당자알림메시지
A2: ING001 | B2: 도우볼 | C2: 220g | D2: 개 | E2: 120 | F2: 180 | G2: 100 | H2: 도미노푸드서플라이 | I2: 점포 운영매니저 | J2: =VLOOKUP(H2,Suppliers!$A$2:$E$10,3,FALSE) -> jysong@chonf.co.kr | K2: =VLOOKUP(H2,Suppliers!$A$2:$E$10,4,FALSE) -> 2 | L2: =MAX(F2-E2,0) -> 60 | M2: =IF(E2<F2,MAX(G2,L2),0) -> 100 | N2: =IF(E2<F2,"발주 필요","정상") -> 발주 필요 | O2: =IF(N2="발주 필요",B2&" 재고 부족 - 현재 "&TEXT(E2,"0")&D2&", 안전재고 "&TEXT(F2,"0")&D2&", 권장발주 "&TEXT(M2,"0")&D2,"") -> 도우볼 재고 부족 - 현재 120개, 안전재고 180개, 권장발주 100개
A3: ING002 | B3: 토마토소스 | C3: 3kg | D3: 팩 | E3: 32 | F3: 20 | G3: 10 | H3: 도미노푸드서플라이 | I3: 점포 운영매니저 | J3: =VLOOKUP(H3,Suppliers!$A$2:$E$10,3,FALSE) -> jysong@chonf.co.kr | K3: =VLOOKUP(H3,Suppliers!$A$2:$E$10,4,FALSE) -> 2 | L3: =MAX(F3-E3,0) -> 0 | M3: =IF(E3<F3,MAX(G3,L3),0) -> 0 | N3: =IF(E3<F3,"발주 필요","정상") -> 정상 | O3: =IF(N3="발주 필요",B3&" 재고 부족 - 현재 "&TEXT(E3,"0")&D3&", 안전재고 "&TEXT(F3,"0")&D3&", 권장발주 "&TEXT(M3,"0")&D3,"")
A4: ING003 | B4: 모짜렐라치즈 | C4: 2kg | D4: 봉 | E4: 12 | F4: 18 | G4: 10 | H4: 도미노푸드서플라이 | I4: 점포 운영매니저 | J4: =VLOOKUP(H4,Suppliers!$A$2:$E$10,3,FALSE) -> jysong@chonf.co.kr | K4: =VLOOKUP(H4,Suppliers!$A$2:$E$10,4,FALSE) -> 2 | L4: =MAX(F4-E4,0) -> 6 | M4: =IF(E4<F4,MAX(G4,L4),0) -> 10 | N4: =IF(E4<F4,"발주 필요","정상") -> 발주 필요 | O4: =IF(N4="발주 필요",B4&" 재고 부족 - 현재 "&TEXT(E4,"0")&D4&", 안전재고 "&TEXT(F4,"0")&D4&", 권장발주 "&TEXT(M4,"0")&D4,"") -> 모짜렐라치즈 재고 부족 - 현재 12봉, 안전재고 18봉, 권장발주 10봉
A5: ING004 | B5: 페퍼로니 | C5: 1kg | D5: 팩 | E5: 15 | F5: 12 | G5: 8 | H5: 프레시미트코리아 | I5: 점포 운영매니저 | J5: =VLOOKUP(H5,Suppliers!$A$2:$E$10,3,FALSE) -> jysong@chonf.co.kr | K5: =VLOOKUP(H5,Suppliers!$A$2:$E$10,4,FALSE) -> 3 | L5: =MAX(F5-E5,0) -> 0 | M5: =IF(E5<F5,MAX(G5,L5),0) -> 0 | N5: =IF(E5<F5,"발주 필요","정상") -> 정상 | O5: =IF(N5="발주 필요",B5&" 재고 부족 - 현재 "&TEXT(E5,"0")&D5&", 안전재고 "&TEXT(F5,"0")&D5&", 권장발주 "&TEXT(M5,"0")&D5,"")
A6: ING005 | B6: 베이컨 | C6: 1kg | D6: 팩 | E6: 6 | F6: 10 | G6: 10 | H6: 프레시미트코리아 | I6: 점포 운영매니저 | J6: =VLOOKUP(H6,Suppliers!$A$2:$E$10,3,FALSE) -> jysong@chonf.co.kr | K6: =VLOOKUP(H6,Suppliers!$A$2:$E$10,4,FALSE) -> 3 | L6: =MAX(F6-E6,0) -> 4 | M6: =IF(E6<F6,MAX(G6,L6),0) -> 10 | N6: =IF(E6<F6,"발주 필요","정상") -> 발주 필요 | O6: =IF(N6="발주 필요",B6&" 재고 부족 - 현재 "&TEXT(E6,"0")&D6&", 안전재고 "&TEXT(F6,"0")&D6&", 권장발주 "&TEXT(M6,"0")&D6,"") -> 베이컨 재고 부족 - 현재 6팩, 안전재고 10팩, 권장발주 10팩
A7: ING006 | B7: 양파 | C7: 5kg | D7: 봉 | E7: 14 | F7: 12 | G7: 6 | H7: 그린베지유통 | I7: 점포 운영매니저 | J7: =VLOOKUP(H7,Suppliers!$A$2:$E$10,3,FALSE) -> jysong@chonf.co.kr | K7: =VLOOKUP(H7,Suppliers!$A$2:$E$10,4,FALSE) -> 1 | L7: =MAX(F7-E7,0) -> 0 | M7: =IF(E7<F7,MAX(G7,L7),0) -> 0 | N7: =IF(E7<F7,"발주 필요","정상") -> 정상 | O7: =IF(N7="발주 필요",B7&" 재고 부족 - 현재 "&TEXT(E7,"0")&D7&", 안전재고 "&TEXT(F7,"0")&D7&", 권장발주 "&TEXT(M7,"0")&D7,"")
A8: ING007 | B8: 피망 | C8: 5kg | D8: 봉 | E8: 5 | F8: 8 | G8: 5 | H8: 그린베지유통 | I8: 점포 운영매니저 | J8: =VLOOKUP(H8,Suppliers!$A$2:$E$10,3,FALSE) -> jysong@chonf.co.kr | K8: =VLOOKUP(H8,Suppliers!$A$2:$E$10,4,FALSE) -> 1 | L8: =MAX(F8-E8,0) -> 3 | M8: =IF(E8<F8,MAX(G8,L8),0) -> 5 | N8: =IF(E8<F8,"발주 필요","정상") -> 발주 필요 | O8: =IF(N8="발주 필요",B8&" 재고 부족 - 현재 "&TEXT(E8,"0")&D8&", 안전재고 "&TEXT(F8,"0")&D8&", 권장발주 "&TEXT(M8,"0")&D8,"") -> 피망 재고 부족 - 현재 5봉, 안전재고 8봉, 권장발주 5봉
A9: ING008 | B9: 양송이버섯 | C9: 2.5kg | D9: 캔 | E9: 3 | F9: 6 | G9: 6 | H9: 그린베지유통 | I9: 점포 운영매니저 | J9: =VLOOKUP(H9,Suppliers!$A$2:$E$10,3,FALSE) -> jysong@chonf.co.kr | K9: =VLOOKUP(H9,Suppliers!$A$2:$E$10,4,FALSE) -> 1 | L9: =MAX(F9-E9,0) -> 3 | M9: =IF(E9<F9,MAX(G9,L9),0) -> 6 | N9: =IF(E9<F9,"발주 필요","정상") -> 발주 필요 | O9: =IF(N9="발주 필요",B9&" 재고 부족 - 현재 "&TEXT(E9,"0")&D9&", 안전재고 "&TEXT(F9,"0")&D9&", 권장발주 "&TEXT(M9,"0")&D9,"") -> 양송이버섯 재고 부족 - 현재 3캔, 안전재고 6캔, 권장발주 6캔
A10: ING009 | B10: 블랙올리브 | C10: 3kg | D10: 캔 | E10: 9 | F10: 8 | G10: 4 | H10: 토핑솔루션 | I10: 점포 운영매니저 | J10: =VLOOKUP(H10,Suppliers!$A$2:$E$10,3,FALSE) -> jysong@chonf.co.kr | K10: =VLOOKUP(H10,Suppliers!$A$2:$E$10,4,FALSE) -> 2 | L10: =MAX(F10-E10,0) -> 0 | M10: =IF(E10<F10,MAX(G10,L10),0) -> 0 | N10: =IF(E10<F10,"발주 필요","정상") -> 정상 | O10: =IF(N10="발주 필요",B10&" 재고 부족 - 현재 "&TEXT(E10,"0")&D10&", 안전재고 "&TEXT(F10,"0")&D10&", 권장발주 "&TEXT(M10,"0")&D10,"")
A11: ING010 | B11: 스위트콘 | C11: 3kg | D11: 캔 | E11: 4 | F11: 5 | G11: 6 | H11: 토핑솔루션 | I11: 점포 운영매니저 | J11: =VLOOKUP(H11,Suppliers!$A$2:$E$10,3,FALSE) -> jysong@chonf.co.kr | K11: =VLOOKUP(H11,Suppliers!$A$2:$E$10,4,FALSE) -> 2 | L11: =MAX(F11-E11,0) -> 1 | M11: =IF(E11<F11,MAX(G11,L11),0) -> 6 | N11: =IF(E11<F11,"발주 필요","정상") -> 발주 필요 | O11: =IF(N11="발주 필요",B11&" 재고 부족 - 현재 "&TEXT(E11,"0")&D11&", 안전재고 "&TEXT(F11,"0")&D11&", 권장발주 "&TEXT(M11,"0")&D11,"") -> 스위트콘 재고 부족 - 현재 4캔, 안전재고 5캔, 권장발주 6캔

Sheet OrderSummary
A1: 도미노피자 발주 요약
A3: 총 품목 수 | B3: =COUNTA(Inventory!A2:A11) -> 10
A4: 발주 필요 품목 수 | B4: =COUNTIF(Inventory!N2:N11,"발주 필요") -> 6
A5: 전체 권장 발주 수량 | B5: =SUM(Inventory!M2:M11) -> 137
A6: 오늘 상태 | B6: =IF(B4>0,"담당자 확인 필요","정상") -> 담당자 확인 필요
A8: 거래처별 발주 필요 현황
A10: 거래처명 | B10: 발주 필요 품목 수 | C10: 총 권장 발주 수량 | D10: 담당자 이메일 | E10: 리드타임(일)
A11: 도미노푸드서플라이 | B11: =COUNTIFS(Inventory!$H$2:$H$11,A11,Inventory!$N$2:$N$11,"발주 필요") -> 2 | C11: =SUMIFS(Inventory!$M$2:$M$11,Inventory!$H$2:$H$11,A11,Inventory!$N$2:$N$11,"발주 필요") -> 110 | D11: =VLOOKUP(A11,Suppliers!$A$2:$E$10,3,FALSE) -> jysong@chonf.co.kr | E11: =VLOOKUP(A11,Suppliers!$A$2:$E$10,4,FALSE) -> 2
A12: 프레시미트코리아 | B12: =COUNTIFS(Inventory!$H$2:$H$11,A12,Inventory!$N$2:$N$11,"발주 필요") -> 1 | C12: =SUMIFS(Inventory!$M$2:$M$11,Inventory!$H$2:$H$11,A12,Inventory!$N$2:$N$11,"발주 필요") -> 10 | D12: =VLOOKUP(A12,Suppliers!$A$2:$E$10,3,FALSE) -> jysong@chonf.co.kr | E12: =VLOOKUP(A12,Suppliers!$A$2:$E$10,4,FALSE) -> 3
A13: 그린베지유통 | B13: =COUNTIFS(Inventory!$H$2:$H$11,A13,Inventory!$N$2:$N$11,"발주 필요") -> 2 | C13: =SUMIFS(Inventory!$M$2:$M$11,Inventory!$H$2:$H$11,A13,Inventory!$N$2:$N$11,"발주 필요") -> 11 | D13: =VLOOKUP(A13,Suppliers!$A$2:$E$10,3,FALSE) -> jysong@chonf.co.kr | E13: =VLOOKUP(A13,Suppliers!$A$2:$E$10,4,FALSE) -> 1
A14: 토핑솔루션 | B14: =COUNTIFS(Inventory!$H$2:$H$11,A14,Inventory!$N$2:$N$11,"발주 필요") -> 1 | C14: =SUMIFS(Inventory!$M$2:$M$11,Inventory!$H$2:$H$11,A14,Inventory!$N$2:$N$11,"발주 필요") -> 6 | D14: =VLOOKUP(A14,Suppliers!$A$2:$E$10,3,FALSE) -> jysong@chonf.co.kr | E14: =VLOOKUP(A14,Suppliers!$A$2:$E$10,4,FALSE) -> 2

Sheet EmailTemplate
A1: 발주 이메일 템플릿
A3: 제목 템플릿 | B3: [발주요청] {{STORE_NAME}} / {{SUPPLIER_NAME}} / {{ORDER_DATE}}
A5: 본문 템플릿 | B5: 안녕하세요 {{SUPPLIER_NAME}} 담당자님. 도미노피자 {{STORE_NAME}}입니다. 아래 품목에 대해 발주 요청드립니다. {{ITEM_LIST}} 첨부한 발주서 확인 부탁드립니다. 감사합니다. {{INTERNAL_OWNER}}
